round,investment,payoff
1,1.0,0.5
2,0.4,0.8
3,0.52,0.74
4,0.496,0.75
5,0.5008,0.75
6,0.49984,0.75
7,0.500032,0.75
8,0.4999936,0.75
9,0.50000128,0.75
10,0.499999744,0.75
11,0.5000000512,0.75
12,0.49999998976,0.75
13,0.500000002048,0.75
14,0.4999999995904,0.75
15,0.50000000008192,0.75
16,0.499999999983616,0.75
17,0.5000000000032768,0.75
18,0.49999999999934464,0.75
19,0.5000000000001311,0.75
20,0.4999999999999738,0.75
