round,investment,payoff
1,1.0,0.5
2,0.6,0.7
3,0.52,0.74
4,0.504,0.75
5,0.5008,0.75
6,0.50016,0.75
7,0.500032,0.75
8,0.5000064,0.75
9,0.50000128,0.75
10,0.500000256,0.75
11,0.5000000512,0.75
12,0.50000001024,0.75
13,0.500000002048,0.75
14,0.5000000004096,0.75
15,0.50000000008192,0.75
16,0.500000000016384,0.75
17,0.5000000000032768,0.75
18,0.5000000000006554,0.75
19,0.5000000000001311,0.75
20,0.5000000000000262,0.75
