strategy,points
Adapt (0),414.19
Tit4Tat (0),410.99000000000007
Average5 (0),409.96000000000004
AlwaysCooperate (0),386.28000000000026
Neutral (0),368.36999999999995
Tit4TatB (0),341.12
AlwaysDefect (0),322.6399999999998
