strategy,points
Tit4Tat (0),323.84000000000003
Average2 (0),320.75
Random (0),285.7
AlwaysCooperate (0),279.36
AlwaysDefect (1),272.45000000000005
AlwaysDefect (0),267.29999999999995
