strategy,points
Adapt (0),414.38999999999993
Average5 (0),412.0500000000001
Tit4Tat (0),410.93999999999994
AlwaysCooperate (0),385.7500000000002
Neutral (0),372.7900000000002
Tit4TatB (0),342.5200000000001
AlwaysDefect (0),324.5900000000001
